antecedents,consequents,antecedent support,consequent support,support,confidence,lift,representativity,leverage,conviction,zhangs_metric,jaccard,certainty,kulczynski,antecedent_len,consequent_len
herb marker thyme,herb marker rosemary,0.010751396480269085,0.01087152381524416,0.010150759805393718,0.9441340782122906,86.84468656440013,1.0,0.01003387574251134,17.70539972370715,0.9992282902749485,0.8848167539267017,0.9435200551467346,0.9389178678354271,1,1
herb marker rosemary,herb marker thyme,0.01087152381524416,0.010751396480269085,0.010150759805393718,0.9337016574585635,86.84468656440013,1.0,0.01003387574251134,14.921166436422595,0.9993496442086715,0.8848167539267017,0.932981110809206,0.9389178678354271,1,1
regency tea plate green,regency tea plate roses,0.013634452519670852,0.015976935551684786,0.011532224157607063,0.8458149779735683,52.93975025669902,1.0,0.011314387388417776,6.382092446564788,0.9946724160678764,0.6378737541528239,0.8433115771398363,0.7838097446258818,1,1
regency tea plate roses,regency tea plate green,0.015976935551684786,0.013634452519670852,0.011532224157607063,0.7218045112781954,52.939750256699014,1.0,0.011314387388417776,3.5455842652671286,0.9970402500559523,0.6378737541528239,0.7179590371617754,0.7838097446258818,1,1
poppy's playhouse bedroom,poppy's playhouse livingroom,0.015616553546759565,0.012553306504895188,0.010150759805393718,0.65,51.779186602870816,1.0,0.009954720422171137,2.821276267128871,0.9962451362780853,0.5633333333333334,0.6455504866180048,0.7293062200956938,1,1
poppy's playhouse livingroom,poppy's playhouse bedroom,0.012553306504895188,0.015616553546759565,0.010150759805393718,0.8086124401913876,51.779186602870816,1.0,0.009954720422171137,5.1434035077181814,0.9931545947969306,0.5633333333333334,0.8055762106746239,0.7293062200956938,1,1
set of 3 wooden tree decorations,set of 3 wooden stocking decoration,0.013754579854645925,0.014955853204396661,0.010330950807856327,0.7510917030567685,50.220585398362005,1.0,0.010125239330662091,3.957458063441985,0.9937565504348073,0.5620915032679739,0.7473125465970817,0.7209273776328019,1,1
set of 3 wooden stocking decoration,set of 3 wooden tree decorations,0.014955853204396661,0.013754579854645925,0.010330950807856327,0.6907630522088353,50.220585398362005,1.0,0.010125239330662091,3.189287137872638,0.9949684486670448,0.5620915032679739,0.6864503079308708,0.7209273776328019,1,1
poppy's playhouse kitchen,poppy's playhouse livingroom,0.017298336236410597,0.012553306504895188,0.010691332812781548,0.6180555555555555,49.23448298777246,1.0,0.010474181495981151,2.5853149793326375,0.9969343375483903,0.5579937304075234,0.6131999357934577,0.7348650983519405,1,1
poppy's playhouse livingroom,poppy's playhouse kitchen,0.012553306504895188,0.017298336236410597,0.010691332812781548,0.8516746411483254,49.23448298777246,1.0,0.010474181495981151,6.62531121698678,0.9921437163399764,0.5579937304075234,0.8490636941799687,0.7348650983519405,1,1
poppy's playhouse bedroom,poppy's playhouse kitchen,0.015616553546759565,0.017298336236410597,0.012553306504895188,0.8038461538461539,46.46956463675213,1.0,0.012283166110789431,5.009851619186927,0.9940034467043918,0.6165191740412977,0.8003932898590927,0.7647702991452991,1,1
poppy's playhouse kitchen,poppy's playhouse bedroom,0.017298336236410597,0.015616553546759565,0.012553306504895188,0.7256944444444443,46.46956463675213,1.0,0.012283166110789431,3.588638387070039,0.9957045711165746,0.6165191740412977,0.7213427790320064,0.7647702991452991,1,1
pink vintage paisley picnic bag,scandinavian paisley picnic bag,0.015316235209321882,0.017478527238873207,0.010931587482731696,0.7137254901960784,40.83441816589178,1.0,0.010663882248428574,3.432095555535443,0.9906844101366488,0.49999999999999994,0.7086328210217943,0.6695775217303417,1,1
scandinavian paisley picnic bag,pink vintage paisley picnic bag,0.017478527238873207,0.015316235209321882,0.010931587482731696,0.6254295532646048,40.83441816589178,1.0,0.010663882248428574,2.628834638110893,0.9928646668162501,0.49999999999999994,0.6196033080579727,0.6695775217303417,1,1
"wooden heart christmas scandinavian, wooden tree christmas scandinavian",wooden star christmas scandinavian,0.010991651150219233,0.024085530662502252,0.010210823472881254,0.9289617486338797,38.56928716460215,1.0,0.009946083722071121,13.737872914520144,0.9848982930959339,0.4106280193236715,0.9272085273883225,0.6764509491299074,2,1
blue happy birthday bunting,pink happy birthday bunting,0.01819929124872365,0.018799927923599014,0.013033815844795483,0.7161716171617161,38.094381003595565,1.0,0.012691670481058891,3.4570188585947603,0.9917994565673982,0.5438596491228069,0.7107334264278533,0.7047311759929986,1,1
pink happy birthday bunting,blue happy birthday bunting,0.018799927923599014,0.01819929124872365,0.013033815844795483,0.6932907348242812,38.094381003595565,1.0,0.012691670481058891,3.2010793941578073,0.9924065816020256,0.5438596491228069,0.6876053740419342,0.7047311759929986,1,1
wooden tree christmas scandinavian,"wooden heart christmas scandinavian, wooden star christmas scandinavian",0.014895789536909124,0.018019100246261036,0.010210823472881254,0.6854838709677419,38.042069892473116,1.0,0.009942414747968482,3.1221956812682974,0.9884368600192959,0.4497354497354498,0.6797125798361939,0.6260752688172042,1,2
"wooden heart christmas scandinavian, wooden star christmas scandinavian",wooden tree christmas scandinavian,0.018019100246261036,0.014895789536909124,0.010210823472881254,0.5666666666666667,38.042069892473116,1.0,0.009942414747968482,2.273317408760979,0.9915807047022125,0.4497354497354498,0.560114220677601,0.6260752688172042,2,1
small dolly mix design orange bowl,small marshmallows pink bowl,0.020661901615712654,0.01627725388912247,0.012673433839870263,0.6133720930232559,37.682774821934274,1.0,0.01233711482143924,2.5443655989634735,0.9940006191221546,0.5222772277227724,0.6069747207683592,0.695984939500558,1,1
small marshmallows pink bowl,small dolly mix design orange bowl,0.01627725388912247,0.020661901615712654,0.012673433839870263,0.7785977859778599,37.682774821934274,1.0,0.01233711482143924,4.423343744369033,0.9895701608735336,0.5222772277227724,0.7739266813091316,0.695984939500558,1,1
feltcraft cushion rabbit,feltcraft cushion butterfly,0.018439545918673795,0.016517508559072618,0.01141209682263199,0.6188925081433225,37.46887770210246,1.0,0.011107521465094883,2.5805908108749125,0.9915957590709119,0.4846938775510204,0.6124918387735542,0.6549007995262067,1,1
feltcraft cushion butterfly,feltcraft cushion rabbit,0.016517508559072618,0.018439545918673795,0.01141209682263199,0.6909090909090909,37.46887770210245,1.0,0.011107521465094883,3.175636763204291,0.9896578658077955,0.4846938775510204,0.6851025244489937,0.6549007995262067,1,1
red stripe ceramic drawer knob,blue stripe ceramic drawer knob,0.016877890563997838,0.018799927923599014,0.01105171481770677,0.6548042704626335,34.830147919911774,1.0,0.010734411691601218,2.8424455696233886,0.9879639885885503,0.44878048780487806,0.6481902729512968,0.6213318476913806,1,1
blue stripe ceramic drawer knob,red stripe ceramic drawer knob,0.018799927923599014,0.016877890563997838,0.01105171481770677,0.5878594249201278,34.83014791991177,1.0,0.010734411691601218,2.385404808166424,0.9898992755397522,0.44878048780487806,0.5807839421734609,0.6213318476913806,1,1
wooden star christmas scandinavian,wooden tree christmas scandinavian,0.024085530662502252,0.014895789536909124,0.012493242837407652,0.5187032418952618,34.8221382028799,1.0,0.012134469841774248,2.046770924330049,0.9952538537287431,0.47165532879818595,0.5114255395594302,0.6787064596573082,1,1
wooden tree christmas scandinavian,wooden star christmas scandinavian,0.014895789536909124,0.024085530662502252,0.012493242837407652,0.8387096774193548,34.82213820287989,1.0,0.012134469841774248,6.050669709892483,0.9859694296314017,0.47165532879818595,0.8347290386112036,0.6787064596573082,1,1
kitchen metal sign,bathroom metal sign,0.013033815844795483,0.024205657997477325,0.010210823472881254,0.783410138248848,32.36475283301506,1.0,0.009895331384140034,4.505263238607393,0.981900094507131,0.3777777777777778,0.778037387154073,0.6026231832683446,1,1
"wooden tree christmas scandinavian, wooden star christmas scandinavian",wooden heart christmas scandinavian,0.012493242837407652,0.0261276953570785,0.010210823472881254,0.8173076923076923,31.281277630415563,1.0,0.009884403830003463,5.330669456992833,0.9802788580915,0.3594080338266385,0.8124063012970747,0.6040561450044208,2,1
toilet metal sign,bathroom metal sign,0.01759865457384828,0.024205657997477325,0.01327407051474563,0.7542662116040956,31.16073984366399,1.0,0.01284808350091532,3.9709408639824884,0.9852473638024543,0.4652631578947368,0.7481705131722631,0.6513266541891446,1,1
bathroom metal sign,toilet metal sign,0.024205657997477325,0.01759865457384828,0.01327407051474563,0.5483870967741936,31.16073984366399,1.0,0.01284808350091532,2.1753172648721937,0.9919183726672992,0.4652631578947368,0.5402969414400556,0.6513266541891446,1,1
set of 3 wooden stocking decoration,set of 3 wooden heart decorations,0.014955853204396661,0.02222355697038861,0.010330950807856327,0.6907630522088353,31.082470422229456,1.0,0.009998578552127648,3.1619004456412103,0.9825219795802609,0.38478747203579416,0.6837345080302781,0.57781395853685,1,1
set of 6 snack loaf baking cases,set of 12 fairy cake baking cases,0.01459547119947144,0.023244639317676737,0.010090696137906181,0.6913580246913581,29.74268670048171,1.0,0.009751429674202929,3.164687368610728,0.9806919506800649,0.3636363636363637,0.6840130213434031,0.5627332759115705,1,1
feltcraft princess lola doll,feltcraft princess charlotte doll,0.02006126494083729,0.021983302300438465,0.012853624842332873,0.6407185628742514,29.145692222113148,1.0,0.012412611990609258,2.7221464752637794,0.9854591697910013,0.4403292181069958,0.6326428393596643,0.6127090082130819,1,1
feltcraft princess charlotte doll,feltcraft princess lola doll,0.021983302300438465,0.02006126494083729,0.012853624842332873,0.5846994535519126,29.145692222113148,1.0,0.012412611990609258,2.359589322576668,0.9873958333931209,0.4403292181069958,0.57619743807452,0.6127090082130819,1,1
set of 12 fairy cake baking cases,set of 12 mini loaf baking cases,0.023244639317676737,0.018019100246261036,0.01213286083248243,0.5219638242894057,28.96725236864772,1.0,0.011714013346429034,2.0541978821875513,0.9884545274106799,0.41649484536082476,0.5131919818089372,0.5976485788113695,1,1
set of 12 mini loaf baking cases,set of 12 fairy cake baking cases,0.018019100246261036,0.023244639317676737,0.01213286083248243,0.6733333333333333,28.967252368647717,1.0,0.011714013346429034,2.990067430660173,0.9831945394062314,0.41649484536082476,0.6655593817898577,0.5976485788113695,1,1
wooden heart christmas scandinavian,wooden star christmas scandinavian,0.0261276953570785,0.024085530662502252,0.018019100246261036,0.6896551724137931,28.63358844268639,1.0,0.017389800838597605,3.1446132900874932,0.9909676822499076,0.5597014925373134,0.6819958742932818,0.7188924241121335,1,1
wooden star christmas scandinavian,wooden heart christmas scandinavian,0.024085530662502252,0.0261276953570785,0.018019100246261036,0.7481296758104737,28.633588442686385,1.0,0.017389800838597605,3.8665623184337763,0.9888940177252586,0.5597014925373134,0.7413723308602799,0.7188924241121335,1,1
set of 6 tea time baking cases,set of 12 fairy cake baking cases,0.015856808216709713,0.023244639317676737,0.010451078142831402,0.6590909090909092,28.354533709184878,1.0,0.010082492355104411,2.8651490580014825,0.9802763250660296,0.3647798742138365,0.6509780190293043,0.5543516560958421,1,1
wooden tree christmas scandinavian,wooden heart christmas scandinavian,0.014895789536909124,0.0261276953570785,0.010991651150219233,0.7379032258064516,28.24218576195773,1.0,0.010602458499095713,3.7156974084837624,0.9791775991268026,0.366,0.7308715188387575,0.5792964404894327,1,1
"green regency teacup and saucer, regency cakestand 3 tier","pink regency teacup and saucer, roses regency teacup and saucer",0.01928043726349931,0.02300438464772659,0.01213286083248243,0.6292834890965732,27.35493684064973,1.0,0.011689326237496531,2.6354251472947876,0.9823843267472263,0.40239043824701193,0.6205545807186061,0.5783493163498532,2,2
"pink regency teacup and saucer, roses regency teacup and saucer","green regency teacup and saucer, regency cakestand 3 tier",0.02300438464772659,0.01928043726349931,0.01213286083248243,0.5274151436031331,27.354936840649728,1.0,0.011689326237496531,2.075224268110938,0.9861288139142205,0.40239043824701193,0.5181243707648557,0.5783493163498532,2,2
christmas craft white fairy,christmas craft little friends,0.01813922758123611,0.023124511982701663,0.011352033155144454,0.6258278145695365,27.063395544852504,1.0,0.010932572369585208,2.610764578594904,0.9808414274677199,0.3795180722891567,0.6169704429886997,0.5583684527393138,1,1
"pink regency teacup and saucer, regency cakestand 3 tier","green regency teacup and saucer, roses regency teacup and saucer",0.01591687188419725,0.02859030572406751,0.01213286083248243,0.7622641509433962,26.661629934992863,1.0,0.011677792599142417,4.086088396557493,0.9780605807162748,0.3747680890538033,0.7552671643514872,0.5933169494212779,2,2
"jumbo bag vintage leaf, jumbo bag apples",jumbo bag pears,0.015556489879272028,0.0254669950147156,0.010391014475343864,0.667953667953668,26.2282090041524,1.0,0.00999483742514197,2.934930794083589,0.9770729367618067,0.3392156862745098,0.6592764633442599,0.5379862679390981,2,1
feltcraft cushion rabbit,feltcraft cushion owl,0.018439545918673795,0.023725148657577032,0.011472160490119527,0.6221498371335504,26.223221869459444,1.0,0.011034679522020772,2.5837618910527915,0.9799354247975697,0.37377690802348335,0.6129674319205415,0.5528470704655094,1,1
"green regency teacup and saucer, regency cakestand 3 tier, roses regency teacup and saucer",pink regency teacup and saucer,0.01591687188419725,0.029611388071355636,0.01213286083248243,0.7622641509433962,25.742263385510352,1.0,0.011661540162237416,4.08179336763636,0.9766993758702042,0.3633093525179856,0.7550096465125404,0.5860002296299132,3,1
christmas craft tree top angel,christmas craft little friends,0.019340500930986847,0.023124511982701663,0.01105171481770677,0.5714285714285714,24.71094619666048,1.0,0.01060447517217671,2.279376138707029,0.9784559318919581,0.35181644359464626,0.5612834656735296,0.5246753246753246,1,1
"pink regency teacup and saucer, regency cakestand 3 tier, roses regency teacup and saucer",green regency teacup and saucer,0.013514325184695777,0.03675896450237252,0.01213286083248243,0.8977777777777778,24.423369644153958,1.0,0.01163608823274468,9.423010129868096,0.9721941568243527,0.31811023622047246,0.8938767987916831,0.613921568627451,3,1
"pink regency teacup and saucer, roses regency teacup and saucer",green regency teacup and saucer,0.02300438464772659,0.03675896450237252,0.020481710613250045,0.8903394255874674,24.221014863734876,1.0,0.01963609325458534,8.783840871323603,0.9812874524086909,0.5214067278287462,0.8861545860576008,0.7237644840355637,2,1
green regency teacup and saucer,"pink regency teacup and saucer, roses regency teacup and saucer",0.03675896450237252,0.02300438464772659,0.020481710613250045,0.55718954248366,24.221014863734872,1.0,0.01963609325458534,2.2063517217549493,0.9952997256893288,0.5214067278287462,0.5467631066525548,0.7237644840355637,1,2
"green regency teacup and saucer, regency cakestand 3 tier",pink regency teacup and saucer,0.01928043726349931,0.029611388071355636,0.013814643522133461,0.7165109034267912,24.197140022622005,1.0,0.013243723012138556,3.4230191695504923,0.9775198112604647,0.39383561643835613,0.7078602396108348,0.5915211717945316,2,1
pink regency teacup and saucer,"green regency teacup and saucer, roses regency teacup and saucer",0.029611388071355636,0.02859030572406751,0.020481710613250045,0.691683569979716,24.19294066510986,1.0,0.01963511197537598,3.150690653144965,0.987919289856451,0.5429936305732486,0.6826092720331597,0.7040350623007824,1,2
"green regency teacup and saucer, roses regency teacup and saucer",pink regency teacup and saucer,0.02859030572406751,0.029611388071355636,0.020481710613250045,0.7163865546218487,24.19294066510986,1.0,0.01963511197537598,3.421518365022479,0.9868808537018996,0.5429936305732486,0.7077320963047264,0.7040350623007824,2,1
"regency cakestand 3 tier, roses regency teacup and saucer","green regency teacup and saucer, pink regency teacup and saucer",0.02114241095561295,0.02426572166496486,0.01213286083248243,0.5738636363636364,23.649147727272727,1.0,0.011619824972907223,2.2897231064928825,0.9784009326869976,0.3646209386281588,0.5632659699487954,0.5369318181818181,2,2
"green regency teacup and saucer, pink regency teacup and saucer","regency cakestand 3 tier, roses regency teacup and saucer",0.02426572166496486,0.02114241095561295,0.01213286083248243,0.5,23.649147727272727,1.0,0.011619824972907223,1.957715178088774,0.9815327793167128,0.3646209386281588,0.4892004663434988,0.5369318181818181,2,2
"pink regency teacup and saucer, regency cakestand 3 tier",green regency teacup and saucer,0.01591687188419725,0.03675896450237252,0.013814643522133461,0.8679245283018867,23.611234430879268,1.0,0.013229555793553444,7.293110697339175,0.9731365701426631,0.3554868624420402,0.8628842970442172,0.6218707608829694,2,1
green regency teacup and saucer,pink regency teacup and saucer,0.03675896450237252,0.029611388071355636,0.02426572166496486,0.6601307189542484,22.29313659202694,1.0,0.023177237701983922,2.855181877405434,0.9915930796172465,0.5763195435092724,0.6497596149956227,0.7398016677935542,1,1
pink regency teacup and saucer,green regency teacup and saucer,0.029611388071355636,0.03675896450237252,0.02426572166496486,0.8194726166328601,22.29313659202694,1.0,0.023177237701983922,5.3357059606778705,0.9842893177656463,0.5763195435092724,0.812583375588981,0.7398016677935542,1,1
dolly girl lunch box,spaceboy lunch box,0.02804973271667968,0.030392215748693614,0.018799927923599014,0.6702355460385439,22.0528687865528,1.0,0.017947434395180494,2.9403041249698703,0.9822050138145052,0.47424242424242424,0.6598991269278149,0.644406310568679,1,1
spaceboy lunch box,dolly girl lunch box,0.030392215748693614,0.02804973271667968,0.018799927923599014,0.6185770750988142,22.0528687865528,1.0,0.017947434395180494,2.548221944276477,0.9845779305919796,0.47424242424242424,0.6075695045927672,0.644406310568679,1,1
"regency cakestand 3 tier, roses regency teacup and saucer",pink regency teacup and saucer,0.02114241095561295,0.029611388071355636,0.013514325184695777,0.6392045454545454,21.58644315876821,1.0,0.01288826904912504,2.689581034636872,0.974273110933846,0.3629032258064517,0.6281948797519638,0.5477969988936013,2,1
"green regency teacup and saucer, pink regency teacup and saucer, regency cakestand 3 tier",roses regency teacup and saucer,0.013814643522133461,0.04072316655654994,0.01213286083248243,0.8782608695652173,21.566615364883926,1.0,0.011570284803411227,7.879773988999763,0.9669906694670929,0.28611898016997167,0.8730928067992801,0.5880979864050275,3,1
"pink regency teacup and saucer, regency cakestand 3 tier",roses regency teacup and saucer,0.01591687188419725,0.04072316655654994,0.013514325184695777,0.8490566037735848,20.849474035732175,1.0,0.012866139759896346,6.355209021562853,0.9674357096354167,0.31337047353760444,0.8426487631473555,0.5904575054266155,2,1
"green regency teacup and saucer, pink regency teacup and saucer",roses regency teacup and saucer,0.02426572166496486,0.04072316655654994,0.020481710613250045,0.8440594059405941,20.72676260988931,1.0,0.0194935335882728,6.151553027161175,0.975422530189754,0.46018893387314447,0.8374394245510582,0.6735046292239844,2,1
roses regency teacup and saucer,"green regency teacup and saucer, pink regency teacup and saucer",0.04072316655654994,0.02426572166496486,0.020481710613250045,0.5029498525073747,20.72676260988931,1.0,0.0194935335882728,1.9630499724366584,0.9921569721953887,0.46018893387314447,0.4905886176913069,0.6735046292239844,1,2
"regency cakestand 3 tier, roses regency teacup and saucer",green regency teacup and saucer,0.02114241095561295,0.03675896450237252,0.01591687188419725,0.7528409090909091,20.480471071004157,1.0,0.0151396987503853,3.89725108615132,0.9717174477071252,0.3791130185979971,0.743408885418379,0.5929237225193107,2,1
"jumbo bag vintage leaf, jumbo bag pears",jumbo bag apples,0.013514325184695777,0.03759985584719803,0.010391014475343864,0.7688888888888888,20.449250976215833,1.0,0.009882877796527145,4.164231392968854,0.9641279925894434,0.25516224188790565,0.7598596462030276,0.5226233581824635,2,1
"green regency teacup and saucer, regency cakestand 3 tier",roses regency teacup and saucer,0.01928043726349931,0.04072316655654994,0.01591687188419725,0.8255451713395638,20.27212619119823,1.0,0.015131711426232654,5.49871184884549,0.9693608848788513,0.36103542234332425,0.8181392246967878,0.6082003142833512,2,1
sweetheart ceramic trinket box,strawberry ceramic trinket box,0.021082347288125414,0.02654814102949126,0.01105171481770677,0.5242165242165242,19.745884415567673,1.0,0.010492017688668902,2.0459976197523866,0.9698022430066106,0.30213464696223313,0.5112408781193873,0.47025305848835264,1,1
jumbo bag vintage christmas,jumbo bag 50's christmas,0.022043365967926002,0.032614571445732474,0.014175025527058682,0.6430517711171662,19.716701542043648,1.0,0.013456090592793332,2.7101561242703522,0.9706786010963547,0.3501483679525223,0.6310175672004036,0.5388371194444026,1,1
hand warmer red retrospot,hand warmer scotty dog design,0.019580755600936993,0.027629287044266922,0.010571205477806475,0.5398773006134969,19.540037343291544,1.0,0.010030203160764549,2.1132856828237934,0.9677727467655789,0.28852459016393445,0.526803210693317,0.4612429981328354,1,1
roses regency teacup and saucer,green regency teacup and saucer,0.04072316655654994,0.03675896450237252,0.02859030572406751,0.7020648967551623,19.099147820386758,1.0,0.027093364290191088,3.233056544888077,0.9878708731003516,0.5847665847665847,0.6906951715455943,0.7399213372664699,1,1
green regency teacup and saucer,roses regency teacup and saucer,0.03675896450237252,0.04072316655654994,0.02859030572406751,0.7777777777777777,19.099147820386754,1.0,0.027093364290191088,4.316745750495524,0.9838053073695651,0.5847665847665847,0.7683440124113844,0.7399213372664699,1,1
roses regency teacup and saucer,pink regency teacup and saucer,0.04072316655654994,0.029611388071355636,0.02300438464772659,0.5648967551622419,19.077010297558147,1.0,0.02179851515932614,2.230249080974986,0.9878075356230689,0.4860406091370558,0.5516195888026841,0.6708865114553604,1,1
pink regency teacup and saucer,roses regency teacup and saucer,0.029611388071355636,0.04072316655654994,0.02300438464772659,0.7768762677484787,19.077010297558147,1.0,0.02179851515932614,4.2993043535238264,0.9764962955828195,0.4860406091370558,0.7674042315286721,0.6708865114553604,1,1
hand warmer red love heart,hand warmer union jack,0.021622920295513243,0.026307886359541115,0.010811460147756621,0.5,19.005707762557076,1.0,0.010242606817860843,1.9473842272809179,0.9683221806126834,0.2912621359223301,0.48649065449386214,0.4554794520547945,1,1
red kitchen scales,ivory kitchen scales,0.02150279296053817,0.030812661421106374,0.012553306504895188,0.5837988826815642,18.94672046348024,1.0,0.011890748225793977,2.3286514577935833,0.9680358926568491,0.3157099697885196,0.5705669061579922,0.49560314504448577,1,1
blue harmonica in box,red  harmonica in box,0.02582737701964082,0.02750915970929185,0.01345426151720824,0.5209302325581395,18.936610135066516,1.0,0.012743772077902846,2.0299566083738085,0.9723043079985554,0.3373493975903615,0.5073786326885593,0.505006600995227,1,1
hand warmer bird design,hand warmer scotty dog design,0.027569223376779386,0.027629287044266922,0.014235089194546219,0.5163398692810458,18.688135834043766,1.0,0.013473371208281668,2.0104421497598266,0.9733238989530965,0.34750733137829914,0.5025969784211582,0.5157786302926968,1,1
hand warmer scotty dog design,hand warmer bird design,0.027629287044266922,0.027569223376779386,0.014235089194546219,0.5152173913043478,18.688135834043763,1.0,0.013473371208281668,2.005911019043415,0.9733840214992052,0.34750733137829914,0.5014734001127911,0.5157786302926968,1,1
hand warmer owl design,hand warmer scotty dog design,0.03291488978317016,0.027629287044266922,0.016697699561535228,0.5072992700729927,18.36092510314186,1.0,0.01578828462368561,1.9735524099990434,0.9777179932968102,0.3808219178082192,0.49329949641393883,0.5558235480799747,1,1
hand warmer scotty dog design,hand warmer owl design,0.027629287044266922,0.03291488978317016,0.016697699561535228,0.6043478260869566,18.36092510314186,1.0,0.01578828462368561,2.444281047800779,0.9724033238663253,0.3808219178082192,0.5908817437750289,0.5558235480799747,1,1
charlotte bag pink polkadot,red retrospot charlotte bag,0.025166676677277913,0.03669890083488498,0.0168178268965103,0.6682577565632458,18.209203582686545,1.0,0.015894237524787268,2.9037637449653464,0.9694813396708036,0.3733333333333333,0.6556193658200199,0.5632614478397244,1,1
jumbo bag pears,jumbo bag apples,0.0254669950147156,0.03759985584719803,0.016757763229022764,0.6580188679245282,17.500568901079028,1.0,0.015800207887608147,2.814190766350262,0.9674982741576508,0.36186770428015563,0.6446580622901747,0.5518528844414974,1,1
woodland charlotte bag,charlotte bag suki design,0.022944320980239054,0.030512343083668687,0.012012733497507358,0.5235602094240838,17.15896442264089,1.0,0.011312648503936486,2.0348587084727394,0.9638359869674801,0.2898550724637681,0.5085653879376476,0.4586304984128293,1,1
hand warmer bird design,hand warmer owl design,0.027569223376779386,0.03291488978317016,0.015556489879272028,0.5642701525054467,17.143309797560548,1.0,0.014649051930417736,2.219460327947625,0.968365285783445,0.3462566844919786,0.5494400204374376,0.518448944865862,1,1
pink blue felt craft trinket box,pink cream felt craft trinket box,0.02564718601717821,0.030752597753618837,0.01345426151720824,0.5245901639344261,17.058401639344257,1.0,0.012665543922109722,2.0387617771389395,0.9661570706448034,0.31328671328671326,0.5095062055737908,0.4810450819672131,1,1
hand warmer red retrospot,hand warmer owl design,0.019580755600936993,0.03291488978317016,0.010991651150219233,0.5613496932515337,17.054582195154715,1.0,0.0103471527377432,2.2046835379768286,0.9601654978107594,0.2648335745296671,0.5464201629057068,0.44764564954547487,1,1
"alarm clock bakelike green, alarm clock bakelike ivory",alarm clock bakelike red,0.014895789536909124,0.04552825995555289,0.011532224157607063,0.7741935483870968,17.00468124946804,1.0,0.01085404477932746,4.226946277339694,0.9554244659878464,0.23587223587223585,0.763422590591956,0.5137458507106988,2,1
hand warmer red love heart,hand warmer owl design,0.021622920295513243,0.03291488978317016,0.012012733497507358,0.5555555555555556,16.87854825628548,1.0,0.011301017459190266,2.1759414979878673,0.9615446006507459,0.2824858757062147,0.5404288208461863,0.4602595296025953,1,1
"alarm clock bakelike green, alarm clock bakelike pink",alarm clock bakelike red,0.016577572226560155,0.04552825995555289,0.012673433839870263,0.7644927536231884,16.79160930748346,1.0,0.01191868582210748,4.052833850034882,0.9562995719168913,0.25637910085054677,0.7532590683451301,0.5214284348590876,2,1
baking set spaceboy design,baking set 9 piece retrospot,0.021863174965463392,0.04336596792600156,0.01573668088173464,0.7197802197802198,16.597812851967976,1.0,0.014788563137421794,3.4138704674013276,0.9607562806591557,0.31796116504854377,0.7070773453331374,0.5413305531034063,1,1
strawberry charlotte bag,red retrospot charlotte bag,0.026608204696978797,0.03669890083488498,0.01609706288665986,0.6049661399548533,16.484584720308266,1.0,0.015120571021091113,2.4385279253151197,0.9650145698755389,0.34096692111959287,0.5899165272545425,0.5217956722687523,1,1
gardeners kneeling pad keep calm,gardeners kneeling pad cup of tea,0.044567241275752296,0.037659919514685565,0.02750915970929185,0.6172506738544474,16.390121960131893,1.0,0.025830760989855445,2.5142828863383917,0.9827877814908325,0.5027442371020857,0.6022722799277678,0.6738565968953258,1,1
gardeners kneeling pad cup of tea,gardeners kneeling pad keep calm,0.037659919514685565,0.044567241275752296,0.02750915970929185,0.7304625199362041,16.39012196013189,1.0,0.025830760989855445,3.544712069349724,0.9757336936821043,0.5027442371020857,0.717889639430305,0.6738565968953258,1,1
"alarm clock bakelike ivory, alarm clock bakelike red",alarm clock bakelike green,0.01699801789897291,0.04144393056640038,0.011532224157607063,0.6784452296819788,16.37019511445691,1.0,0.010827759484035599,2.9810040401066895,0.9551490131980935,0.24583866837387966,0.6645425546071348,0.47835304962359815,2,1
large white heart of wicker,small white heart of wicker,0.03009189741125593,0.034116163132920894,0.01663763589404769,0.5528942115768464,16.206224874195275,1.0,0.015611015812986163,2.160302688707173,0.9674064094848285,0.3497474747474748,0.5371019046416837,0.5202851339574373,1,1
alarm clock bakelike chocolate,alarm clock bakelike green,0.016517508559072618,0.04144393056640038,0.010931587482731696,0.6618181818181817,15.969001317523055,1.0,0.010247037004879566,2.8344399902606434,0.9531218750713071,0.2324393358876118,0.6471966231650421,0.46279314888010536,1,1
"alarm clock bakelike red, alarm clock bakelike pink",alarm clock bakelike green,0.019220373596011774,0.04144393056640038,0.012673433839870263,0.659375,15.910049818840582,1.0,0.011876866011096877,2.814109561639926,0.9555119420889012,0.2640801001251565,0.6446478084466446,0.4825860507246377,2,1
jumbo bag scandinavian blue paisley,jumbo bag pink vintage paisley,0.0254669950147156,0.033215208120607846,0.013334134182233167,0.5235849056603773,15.763408850523728,1.0,0.012488242642612906,2.029290850281496,0.9610366606976776,0.29403973509933773,0.5072170162984357,0.4625157801357944,1,1
woodland charlotte bag,red retrospot charlotte bag,0.022944320980239054,0.03669890083488498,0.01291368850982041,0.56282722513089,15.336351016700798,1.0,0.012071657149442845,2.2034791609645143,0.9567473598282153,0.27634961439588684,0.5461722453675139,0.4573546927618444,1,1
alarm clock bakelike chocolate,alarm clock bakelike red,0.016517508559072618,0.04552825995555289,0.011291969487656916,0.6836363636363635,15.01564883665147,1.0,0.010539956064161388,3.0170083737037108,0.9490792356330353,0.22248520710059166,0.668545832117665,0.4658287359078915,1,1
alarm clock bakelike orange,alarm clock bakelike red,0.018799927923599014,0.04552825995555289,0.012613370172382725,0.6709265175718849,14.736484948620465,1.0,0.011757442166731451,2.900482083824387,0.9500011659903922,0.24390243902439024,0.6552297269557807,0.47398568622657566,1,1
"lunch bag  black skull., lunch bag red retrospot, lunch bag cars blue",lunch bag pink polkadot,0.014835725869421586,0.0509339900294312,0.011111778485194306,0.7489878542510122,14.705069322435262,1.0,0.010356135771681813,3.7809565235924283,0.946031301390404,0.20329670329670327,0.7355166625799064,0.4835741158047514,3,1
alarm clock bakelike ivory,alarm clock bakelike red,0.0254669950147156,0.04552825995555289,0.01699801789897291,0.6674528301886792,14.660187559117835,1.0,0.01583854992965617,2.8701845232542236,0.9561380106388192,0.3147942157953281,0.6515903448374124,0.5204018768357643,1,1
alarm clock bakelike orange,alarm clock bakelike green,0.018799927923599014,0.04144393056640038,0.01141209682263199,0.6070287539936102,14.646988007593649,1.0,0.01063295391511302,2.4392524368513553,0.9495785865250785,0.23370233702337023,0.5900383310507937,0.44119553641709497,1,1
"jumbo bag pears, jumbo bag apples",jumbo bag vintage leaf,0.016757763229022764,0.04258514024866358,0.010391014475343864,0.6200716845878136,14.560752435405513,1.0,0.009677382777982031,2.5199881685907815,0.9471951017122113,0.21226993865030672,0.6031727400691662,0.43203866316837786,2,1
alarm clock bakelike red,alarm clock bakelike green,0.04552825995555289,0.04144393056640038,0.027268905039341703,0.5989445910290238,14.451925356582924,1.0,0.025382034994934743,2.390083883653515,0.9752044281846289,0.4567404426559357,0.58160464290007,0.6284578027608887,1,1
alarm clock bakelike green,alarm clock bakelike red,0.04144393056640038,0.04552825995555289,0.027268905039341703,0.6579710144927536,14.451925356582922,1.0,0.025382034994934743,2.790616528096053,0.9710491614939495,0.4567404426559357,0.641656246950466,0.6284578027608887,1,1
alarm clock bakelike pink,alarm clock bakelike red,0.029491260736380562,0.04552825995555289,0.019220373596011774,0.6517311608961304,14.3148708413716,1.0,0.01787768781078885,2.7406176863264538,0.9584072131451913,0.3444564047362756,0.6351187526121499,0.5369473746433159,1,1
hot water bottle i am so poorly,chocolate hot water bottle,0.02901075139648027,0.03982221154423689,0.016517508559072618,0.5693581780538303,14.297502724612702,1.0,0.015362236279904715,2.229643614539104,0.9578455343987943,0.31572904707233074,0.5514978297521719,0.49206973759403433,1,1
charlotte bag suki design,red retrospot charlotte bag,0.030512343083668687,0.03669890083488498,0.015976935551684786,0.5236220472440946,14.268058043481064,1.0,0.014857166098617241,2.0221361916358616,0.9591802130939144,0.3118405627198124,0.5054734670511866,0.47948696470224367,1,1
alarm clock bakelike ivory,alarm clock bakelike green,0.0254669950147156,0.04144393056640038,0.014895789536909124,0.5849056603773585,14.113180202351655,1.0,0.013840337163784387,2.309248712726399,0.9534251205328297,0.2863741339491917,0.5669587279668301,0.4721629751162155,1,1
charlotte bag apples design,red retrospot charlotte bag,0.020301519610787435,0.03669890083488498,0.010511141810318939,0.5177514792899408,14.108092272828518,1.0,0.009766098355325178,1.997520070661404,0.9483720889496133,0.2260981912144703,0.49937924795474653,0.4020835956187838,1,1
"wooden frame antique white, white hanging heart t-light holder",wooden picture frame white finish,0.015015916871884197,0.05129437203435642,0.010691332812781548,0.712,13.880665105386417,1.0,0.009921100786318152,3.2941167637695954,0.9421038964420275,0.19222462203023757,0.69642849002849,0.46021545667447306,2,1
vintage heads and tails card game,vintage snap cards,0.025887440687128355,0.04078323022403748,0.014535407531983903,0.5614849187935035,13.767544054481649,1.0,0.013479634078529633,2.187420252769523,0.952010519889644,0.2788018433179723,0.5428404767058885,0.4589456994556619,1,1
alarm clock bakelike pink,alarm clock bakelike green,0.029491260736380562,0.04144393056640038,0.016577572226560155,0.5621181262729125,13.563340122199595,1.0,0.01535533846428599,2.189074558566965,0.9544188637207576,0.30497237569060776,0.5431859567841167,0.4810590631364563,1,1
"lunch bag pink polkadot, lunch bag spaceboy design",lunch bag woodland,0.02006126494083729,0.0404829118865998,0.010931587482731696,0.5449101796407185,13.460251603617689,1.0,0.010119449061798047,2.108412548880761,0.9446582225619922,0.22033898305084748,0.5257095199272815,0.4074699266156115,2,1
"lunch bag red retrospot, lunch bag spaceboy design",lunch bag woodland,0.024626103669890084,0.0404829118865998,0.013394197849720704,0.5439024390243902,13.435358616197435,1.0,0.012397261464742272,2.103754043457187,0.948938184302475,0.25900116144018587,0.5246592618038856,0.4373814865745096,2,1
"lunch bag red retrospot, lunch bag dolly girl design",lunch bag spaceboy design,0.016036999219172322,0.05243558171661962,0.011171842152681842,0.6966292134831461,13.285429295854408,1.0,0.010330932769635566,3.1234530824896614,0.9398011586280772,0.19496855345911945,0.6798415171957973,0.4548438163635662,2,1
"lunch bag cars blue, lunch bag spaceboy design",lunch bag woodland,0.021803111297975856,0.0404829118865998,0.011712415160069673,0.537190082644628,13.269551462834437,1.0,0.010829761726539988,2.0732422796735963,0.9452488687782805,0.23159144893111633,0.5176637049108238,0.4132537950315128,2,1
"lunch bag  black skull., lunch bag dolly girl design",lunch bag spaceboy design,0.01477566220193405,0.05243558171661962,0.010210823472881254,0.6910569105691057,13.179159798470836,1.0,0.009436053030074573,3.0671164065488363,0.9379819330036471,0.1791359325605901,0.6739608585233925,0.44289386192831,2,1
hot water bottle tea and sympathy,chocolate hot water bottle,0.02937113340140549,0.03982221154423689,0.015075980539371734,0.5132924335378323,12.889601396638568,1.0,0.013906357051766963,1.9728022628355804,0.9503303617214311,0.2785793562708102,0.4931068263462636,0.4459373178247231,1,1
"lunch bag apple design, lunch bag  black skull.",lunch bag suki design,0.01813922758123611,0.05021322601958075,0.011652351492582137,0.642384105960265,12.793125574321115,1.0,0.010741522358224915,2.655885238352654,0.938863273881711,0.20550847457627117,0.6234777069583539,0.4372207611141038,2,1
"lunch bag apple design, lunch bag cars blue",lunch bag suki design,0.01609706288665986,0.05021322601958075,0.010150759805393718,0.6305970149253731,12.558384810397772,1.0,0.00934247434841446,2.571139953805579,0.9354295946126069,0.1807486631016043,0.6110674572498916,0.41637506248661,2,1
jumbo bag pears,jumbo bag vintage leaf,0.0254669950147156,0.04258514024866358,0.013514325184695777,0.5306603773584905,12.461163078478855,1.0,0.012429809630282097,2.0399190981636512,0.9437860640301319,0.24779735682819384,0.5097844807177859,0.42400437767783483,1,1
"wooden picture frame white finish, white hanging heart t-light holder",wooden frame antique white,0.018319418583698722,0.047089915310228846,0.010691332812781548,0.5836065573770491,12.393450986952157,1.0,0.009828672943142543,2.2884848490581113,0.9364677688132126,0.19538968166849613,0.5630296611264097,0.4053236868517899,2,1
"lunch bag red retrospot, lunch bag cars blue",lunch bag woodland,0.024806294672352694,0.0404829118865998,0.012433179169920115,0.5012106537530266,12.380795510881514,1.0,0.011428948128466232,1.9236920261690984,0.9426124685050102,0.23522727272727276,0.48016627069384293,0.40416615773704745,2,1
"lunch bag  black skull., lunch bag cars blue",lunch bag pink polkadot,0.02414559432998979,0.0509339900294312,0.015015916871884197,0.6218905472636816,12.209735520510655,1.0,0.013786085411025807,2.5100298421590046,0.9408146734781806,0.25,0.6015983622171404,0.45835093400919935,2,1
"lunch bag pink polkadot, lunch bag red retrospot, lunch bag cars blue",lunch bag  black skull.,0.015256171541834344,0.059823412817586644,0.011111778485194306,0.7283464566929134,12.174939917148912,1.0,0.010199102237031233,3.460939900642508,0.932084106063978,0.17370892018779344,0.7110611485006271,0.4570447142902318,3,1
"lunch bag pink polkadot, lunch bag woodland",lunch bag spaceboy design,0.01717820890143552,0.05243558171661962,0.010931587482731696,0.6363636363636365,12.136103301051756,1.0,0.01003083810613531,2.6058021502792967,0.9336394828052836,0.1862845445240532,0.6162410105107875,0.4224200770592524,2,1
"lunch bag red retrospot, lunch bag cars blue",lunch bag pink polkadot,0.024806294672352694,0.0509339900294312,0.015256171541834344,0.6150121065375302,12.074689341678468,1.0,0.013992687976325599,2.465184038477012,0.9405127712694449,0.2522343594836146,0.5943507728462338,0.45727020421216136,2,1
"lunch bag pink polkadot, lunch bag woodland",lunch bag cars blue,0.01717820890143552,0.05297615472400745,0.010931587482731696,0.6363636363636365,12.012265512265515,1.0,0.010021552030087926,2.6043155745089805,0.9327751634785798,0.18458417849898578,0.616021956099333,0.42135642135642143,2,1
"lunch bag pink polkadot, lunch bag  black skull., lunch bag red retrospot",lunch bag cars blue,0.01759865457384828,0.05297615472400745,0.011111778485194306,0.6313993174061433,11.918556956343402,1.0,0.010179469437555757,2.569240617276535,0.9325081133958609,0.18686868686868685,0.6107799350221906,0.42057494214978364,3,1
"lunch bag  black skull., lunch bag red retrospot",lunch bag pink polkadot,0.029070815063967807,0.0509339900294312,0.01759865457384828,0.6053719008264463,11.885420727428661,1.0,0.016117961969232705,2.404963082857358,0.9432853814491977,0.2820019249278152,0.5841932014973422,0.47544538437548733,2,1
"lunch bag pink polkadot, lunch bag spaceboy design",lunch bag cars blue,0.02006126494083729,0.05297615472400745,0.012493242837407652,0.622754491017964,11.755373606528439,1.0,0.01143047416194255,2.5103647962077895,0.9336629812112497,0.2063492063492063,0.6016515203246072,0.4292910777085285,2,1
"lunch bag apple design, lunch bag red retrospot",lunch bag suki design,0.020001201273349752,0.05021322601958075,0.011772478827557211,0.5885885885885885,11.72178398494188,1.0,0.010768153987355374,2.308605808288172,0.9333570152748523,0.20143884892086333,0.5668381339032069,0.4115191746770694,2,1
"lunch bag woodland, lunch bag red retrospot",lunch bag spaceboy design,0.021863174965463392,0.05243558171661962,0.013394197849720704,0.6126373626373626,11.683619072794329,1.0,0.012247789552234396,2.446194668476244,0.9348488457423886,0.21992110453648916,0.5912017907295544,0.4340391853278451,2,1
"jumbo bag strawberry, jumbo bag red retrospot",jumbo bag pink polkadot,0.023725148657577032,0.048771697999879876,0.013514325184695777,0.5696202531645569,11.679319698197915,1.0,0.012357209399366175,2.2102069370002786,0.9365995378915276,0.2291242362525458,0.547553677775886,0.42335692461183505,2,1
"lunch bag woodland, lunch bag cars blue",lunch bag spaceboy design,0.019160309928524237,0.05243558171661962,0.011712415160069673,0.6112852664576802,11.657833220222127,1.0,0.010707733163096783,2.4376858825193413,0.9320797022940318,0.19558676028084251,0.5897748733046347,0.41732648202609096,2,1
"jumbo bag red retrospot, jumbo bag pink vintage paisley",jumbo bag pink polkadot,0.01813922758123611,0.048771697999879876,0.01027088714036879,0.5662251655629139,11.609707858937135,1.0,0.009386206210825651,2.192907993923941,0.930748242519596,0.18133616118769882,0.5439845160988163,0.38840814928392,2,1
lunch bag dolly girl design,lunch bag spaceboy design,0.031112979758544056,0.05243558171661962,0.018799927923599014,0.6042471042471043,11.523608291649529,1.0,0.017168500731022347,2.3943335057111756,0.9425470731548388,0.2903525046382189,0.5823472387557073,0.4813904478852932,1,1
"lunch bag woodland, lunch bag  black skull.",lunch bag pink polkadot,0.01946062826596192,0.0509339900294312,0.011352033155144454,0.5833333333333334,11.452731918238994,1.0,0.010360825709079483,2.2777584239293653,0.9307985123605339,0.19226856561546288,0.5609718794169146,0.4031053459119497,2,1
"lunch bag woodland, lunch bag red retrospot",lunch bag pink polkadot,0.021863174965463392,0.0509339900294312,0.0127334975073578,0.5824175824175825,11.434752747252748,1.0,0.011619918771655177,2.2727633396663625,0.9329444273871661,0.212,0.5600069824486001,0.41620879120879123,2,1
wooden picture frame white finish,wooden frame antique white,0.05129437203435642,0.047089915310228846,0.02750915970929185,0.5362997658079626,11.388845409358122,1.0,0.025093712074302634,2.055013162437032,0.9615150999915677,0.38813559322033897,0.5133851119405465,0.5602417196386751,1,1
wooden frame antique white,wooden picture frame white finish,0.047089915310228846,0.05129437203435642,0.02750915970929185,0.5841836734693877,11.388845409358122,1.0,0.025093712074302634,2.28154973105848,0.9572726759764772,0.38813559322033897,0.5617014232093597,0.5602417196386751,1,1
"lunch bag woodland, lunch bag suki design",lunch bag cars blue,0.01663763589404769,0.05297615472400745,0.010030632470418644,0.6028880866425993,11.38036706860843,1.0,0.009149234497053875,2.384778228558636,0.9275618077307394,0.16834677419354838,0.5806737968232788,0.3961152451353586,2,1
paper chain kit vintage christmas,paper chain kit 50's christmas,0.04066310288906241,0.056760165775722266,0.026247822692053578,0.6454948301329395,11.372321086649006,1.0,0.023939778231115146,2.6607223657076506,0.9507267007881642,0.3687763713080169,0.6241622151606794,0.553964346283401,1,1
"lunch bag woodland, lunch bag  black skull.",lunch bag spaceboy design,0.01946062826596192,0.05243558171661962,0.0115922878250946,0.595679012345679,11.360206044150297,1.0,0.010571858461397996,2.3435944391130934,0.9300732371120933,0.19223107569721115,0.5733050124583677,0.40837787959781086,2,1
lunch bag vintage leaf design,lunch bag apple design,0.03315514445312031,0.04480749594570244,0.016757763229022764,0.5054347826086957,11.280139002214712,1.0,0.015272164228360398,1.9313782499559424,0.9426006716004652,0.27379784102060845,0.48223503085280606,0.4397147103392004,1,1
"lunch bag cars blue, lunch bag spaceboy design",lunch bag pink polkadot,0.021803111297975856,0.0509339900294312,0.012493242837407652,0.5730027548209365,11.249909038931335,1.0,0.011382723383945971,2.222651365285912,0.9314182072379297,0.20737786640079758,0.550086884691714,0.4091428868444305,2,1
"lunch bag woodland, lunch bag cars blue",lunch bag pink polkadot,0.019160309928524237,0.0509339900294312,0.010931587482731696,0.5705329153605015,11.201418051694564,1.0,0.009955676447871431,2.209869030515412,0.9285162479896099,0.1847715736040609,0.5474844951482178,0.3925777784349678,2,1
"lunch bag red retrospot, lunch bag suki design",lunch bag pink polkadot,0.024626103669890084,0.0509339900294312,0.013934770857108534,0.5658536585365853,11.109549010584445,1.0,0.012680465138322614,2.186050921842321,0.9329625783819709,0.22612085769980503,0.542554114358307,0.4197192820984813,2,1
"lunch bag woodland, lunch bag pink polkadot",lunch bag  black skull.,0.01717820890143552,0.059823412817586644,0.011352033155144454,0.6608391608391609,11.046497177521275,1.0,0.010324374072567135,2.772067050867735,0.9253697608522518,0.1729185727355901,0.6392583650936684,0.42529909849186964,2,1
"lunch bag woodland, lunch bag pink polkadot",lunch bag red retrospot,0.01717820890143552,0.0672713075860412,0.0127334975073578,0.7412587412587414,11.018943556443558,1.0,0.01157789693257206,3.6048703517620586,0.92513943676426,0.17755443886097153,0.7225975132472654,0.4652722277722278,2,1
"lunch bag pink polkadot, lunch bag  black skull., lunch bag cars blue",lunch bag red retrospot,0.015015916871884197,0.0672713075860412,0.011111778485194306,0.74,11.000232142857143,1.0,0.010101638122619359,3.5874180477459956,0.9229517950171648,0.15611814345991562,0.7212479876360358,0.4525892857142857,3,1
"lunch bag red retrospot, lunch bag spaceboy design",lunch bag pink polkadot,0.024626103669890084,0.0509339900294312,0.013754579854645925,0.5585365853658536,10.96589104924068,1.0,0.012500274135860004,2.1498180336349897,0.9317536008923474,0.2225461613216715,0.5348443522407503,0.4142918775885872,2,1
"lunch bag woodland, lunch bag  black skull.",lunch bag suki design,0.01946062826596192,0.05021322601958075,0.010631269145294012,0.5462962962962963,10.879529948608896,1.0,0.009654088219692224,2.0934075834670463,0.9261068860798921,0.1800610376398779,0.5223099372059088,0.3790093921672869,2,1
"lunch bag woodland, lunch bag  black skull.",lunch bag cars blue,0.01946062826596192,0.05297615472400745,0.011171842152681842,0.5740740740740741,10.836461745191905,1.0,0.01014089289863785,2.223447288908852,0.9257343279158228,0.1823529411764706,0.550247939320052,0.39247921390778534,2,1
"lunch bag  black skull., lunch bag spaceboy design",lunch bag pink polkadot,0.02336476665265181,0.0509339900294312,0.012853624842332873,0.5501285347043702,10.800813648930493,1.0,0.01166356405060672,2.109638159306007,0.929123127679875,0.209188660801564,0.5259850626095222,0.40124351263520397,2,1
"lunch bag pink polkadot, lunch bag suki design",lunch bag cars blue,0.020001201273349752,0.05297615472400745,0.01141209682263199,0.5705705705705706,10.770328151280532,1.0,0.010352510089309,2.2053072760622765,0.9256667655901214,0.18536585365853656,0.5465484511593474,0.3929950358521787,2,1
"lunch bag pink polkadot, lunch bag suki design",lunch bag  black skull.,0.020001201273349752,0.059823412817586644,0.012853624842332873,0.6426426426426426,10.74232666401341,1.0,0.011657084721709631,2.6309143153928036,0.9254198046525055,0.19192825112107623,0.6199040028976782,0.4287510401968233,2,1
"lunch bag woodland, lunch bag red retrospot",lunch bag cars blue,0.021863174965463392,0.05297615472400745,0.012433179169920115,0.5686813186813187,10.734665844359721,1.0,0.01127495223019168,2.1956476412768233,0.9271135080295283,0.19923002887391722,0.5445535152359532,0.4016875981161695,2,1
"lunch bag woodland, lunch bag red retrospot",lunch bag suki design,0.021863174965463392,0.05021322601958075,0.011772478827557211,0.5384615384615384,10.7235001840265,1.0,0.01067465828151076,2.0578713436242415,0.9270143427343306,0.19521912350597614,0.5140609722283028,0.38645564961354434,2,1
"lunch bag pink polkadot, lunch bag spaceboy design",lunch bag  black skull.,0.02006126494083729,0.059823412817586644,0.012853624842332873,0.6407185628742514,10.710164009330734,1.0,0.011653491508134186,2.6168248343243836,0.9251912551089675,0.1917562724014337,0.6178574939815634,0.42778900031262773,2,1
"lunch bag  black skull., lunch bag suki design",lunch bag pink polkadot,0.02360502132260196,0.0509339900294312,0.012853624842332873,0.544529262086514,10.690881703394306,1.0,0.011651326921642953,2.0837035861365,0.9283766971447494,0.20837390457643623,0.5200852910878028,0.39844387632627587,2,1
"lunch bag woodland, lunch bag suki design",lunch bag  black skull.,0.01663763589404769,0.059823412817586644,0.010631269145294012,0.6389891696750902,10.6812557087556,1.0,0.0096359489848957,2.604289146495285,0.9217131771068422,0.1614963503649635,0.616018059536228,0.4083500065242921,2,1
"lunch bag pink polkadot, lunch bag  black skull.",lunch bag cars blue,0.02654814102949126,0.05297615472400745,0.015015916871884197,0.5656108597285068,10.676706580067924,1.0,0.013609498445071097,2.180127810479108,0.9310559634725735,0.23277467411545624,0.5413112959738637,0.42452878587332366,2,1
"jumbo bag red retrospot, jumbo storage bag suki",jumbo bag pink polkadot,0.02450597633491501,0.048771697999879876,0.0127334975073578,0.5196078431372549,10.653880517724332,1.0,0.011538299430359122,1.9801078939594339,0.9289011156251417,0.2103174603174603,0.49497701461085797,0.39034579348980974,2,1
"lunch bag woodland, lunch bag spaceboy design",lunch bag cars blue,0.020782028950687727,0.05297615472400745,0.011712415160069673,0.5635838150289018,10.638443238567103,1.0,0.010611463178899237,2.170001658711877,0.9252294292225592,0.18877057115198448,0.5391708591625665,0.3923361252015257,2,1
"lunch bag  black skull., lunch bag cars blue",lunch bag suki design,0.02414559432998979,0.05021322601958075,0.012853624842332873,0.5323383084577115,10.601555619034018,1.0,0.011641196656863988,2.0309270379794073,0.9280833442148054,0.208984375,0.5076140199527248,0.39415958485086533,2,1
"lunch bag  black skull., lunch bag spaceboy design",lunch bag suki design,0.02336476665265181,0.05021322601958075,0.012433179169920115,0.532133676092545,10.597480350795195,1.0,0.011259958861095747,2.03003876416694,0.9273041933317885,0.2033398821218075,0.507398569105469,0.3898706657974687,2,1
"lunch bag pink polkadot, lunch bag cars blue",lunch bag  black skull.,0.02378521232506457,0.059823412817586644,0.015015916871884197,0.6313131313131313,10.552944099630846,1.0,0.01359300429600791,2.5500680035906553,0.9272956377284193,0.2189141856392294,0.6078535950445488,0.44115857368869416,2,1
"lunch bag woodland, lunch bag suki design",lunch bag red retrospot,0.01663763589404769,0.0672713075860412,0.011772478827557211,0.7075812274368232,10.51832129963899,1.0,0.01065324330582417,3.189701824674897,0.9202383860947262,0.16319733555370525,0.6864910719039004,0.4412906137184116,2,1
"lunch bag cars blue, lunch bag spaceboy design",lunch bag suki design,0.021803111297975856,0.05021322601958075,0.011472160490119527,0.5261707988980716,10.478729223509562,1.0,0.01037735593458419,2.004491854388908,0.9247305847761834,0.18948412698412698,0.5011204471544928,0.3773198492098014,2,1
"lunch bag woodland, lunch bag cars blue",lunch bag suki design,0.019160309928524237,0.05021322601958075,0.010030632470418644,0.5235109717868338,10.42575857569258,1.0,0.00906853149737244,1.9933025059194323,0.9217446307629689,0.16902834008097167,0.49832000058679543,0.36163586866853653,2,1
"lunch bag red retrospot, lunch bag cars blue",lunch bag suki design,0.024806294672352694,0.05021322601958075,0.012973752177307946,0.5230024213075061,10.41563075639793,1.0,0.011728148096216778,1.991177348497021,0.9269855282727912,0.2090997095837367,0.4977845641148845,0.39068781352456644,2,1
"lunch bag pink polkadot, lunch bag red retrospot",lunch bag  black skull.,0.028289987386629828,0.059823412817586644,0.01759865457384828,0.6220806794055201,10.398615694199302,1.0,0.015906250979813606,2.4877706323759363,0.9301472061878159,0.2495741056218058,0.5980336824520862,0.4581286931164147,2,1
"lunch bag apple design, lunch bag red retrospot",lunch bag pink polkadot,0.020001201273349752,0.0509339900294312,0.010571205477806475,0.5285285285285285,10.376735225791828,1.0,0.009552464491573032,2.012987142166875,0.9220731462702534,0.17512437810945275,0.5032258383312114,0.36803784916992466,2,1
"lunch bag spaceboy design, lunch bag suki design",lunch bag cars blue,0.020902156285662804,0.05297615472400745,0.011472160490119527,0.5488505747126436,10.360332447155107,1.0,0.01036484462466487,2.0991356570448754,0.9227657956936443,0.18383060635226178,0.5236134469709395,0.3827019313472515,2,1
"lunch bag pink polkadot, lunch bag suki design",lunch bag red retrospot,0.020001201273349752,0.0672713075860412,0.013934770857108534,0.6966966966966966,10.356520806520805,1.0,0.012589263894158704,3.0752342037014677,0.9218812082068796,0.19000819000819,0.6748215147983323,0.4519197769197769,2,1
"jumbo bag red retrospot, jumbo  bag baroque black white",jumbo bag pink polkadot,0.020842092618175267,0.048771697999879876,0.010511141810318939,0.5043227665706052,10.340479976150252,1.0,0.009494637563459769,1.9190477953141956,0.9225199362041467,0.17784552845528454,0.4789082364484438,0.3599200039749577,2,1
"lunch bag woodland, lunch bag spaceboy design",lunch bag pink polkadot,0.020782028950687727,0.0509339900294312,0.010931587482731696,0.5260115606936416,10.327318955175047,1.0,0.009873075827366016,2.002297801523273,0.9223374919872496,0.1798418972332016,0.5005737911517271,0.3703171011015378,2,1
"lunch bag  black skull., lunch bag suki design",lunch bag cars blue,0.02360502132260196,0.05297615472400745,0.012853624842332873,0.544529262086514,10.278761547027631,1.0,0.011603121580483216,2.079219950801481,0.9245356998307455,0.20169651272384542,0.5190504017554621,0.39357982378702117,2,1
"lunch bag cars blue, lunch bag suki design",lunch bag pink polkadot,0.021803111297975856,0.0509339900294312,0.01141209682263199,0.5234159779614325,10.276359218254585,1.0,0.01030157736917031,1.9913928417301527,0.9228093874622698,0.18609206660137118,0.49783891001075176,0.3737362908675087,2,1
"lunch bag red retrospot, lunch bag spaceboy design",lunch bag suki design,0.024626103669890084,0.05021322601958075,0.012613370172382725,0.5121951219512194,10.200402614073987,1.0,0.011376814062824907,1.947062886659859,0.9247373313510391,0.2027027027027027,0.4864059056071493,0.3816956471000116,2,1
"lunch bag pink polkadot, lunch bag spaceboy design",lunch bag red retrospot,0.02006126494083729,0.0672713075860412,0.013754579854645925,0.68562874251497,10.19199369118905,1.0,0.012405032330245794,2.9669655549167824,0.9203470966654042,0.18693877551020407,0.6629553051794537,0.4450465141146278,2,1
"lunch bag pink polkadot, lunch bag red retrospot",lunch bag cars blue,0.028289987386629828,0.05297615472400745,0.015256171541834344,0.5392781316348195,10.179639017673594,1.0,0.013757476792900023,2.0555218024193205,0.9280183159204246,0.23111919927206548,0.5135055250579127,0.41362999552262514,2,1
"lunch bag  black skull., lunch bag spaceboy design",lunch bag cars blue,0.02336476665265181,0.05297615472400745,0.012553306504895188,0.5372750642673522,10.141828282298352,1.0,0.011315531011613977,2.046623754513117,0.9229632703025596,0.1967984934086629,0.511390406861619,0.38711825775725883,2,1
"lunch bag  black skull., lunch bag suki design",lunch bag spaceboy design,0.02360502132260196,0.05243558171661962,0.012433179169920115,0.5267175572519084,10.045040791164974,1.0,0.011195436145436272,2.002111916050368,0.9222173485107841,0.1954674220963173,0.5005274220770172,0.381915479656882,2,1
"lunch bag cars blue, lunch bag suki design",lunch bag spaceboy design,0.021803111297975856,0.05243558171661962,0.011472160490119527,0.5261707988980716,10.034613551951884,1.0,0.010328901665977962,1.9998016502143434,0.9204128043679954,0.18277511961722487,0.49995040763526843,0.3724782975017277,2,1
"lunch bag pink polkadot, lunch bag cars blue",lunch bag spaceboy design,0.02378521232506457,0.05243558171661962,0.012493242837407652,0.5252525252525252,10.01710113737605,1.0,0.01124605139288958,1.9959335619160563,0.9221031383555225,0.19604147031102734,0.4989813192779724,0.38175570134333014,2,1
"lunch bag red retrospot, lunch bag cars blue",lunch bag  black skull.,0.024806294672352694,0.059823412817586644,0.014835725869421586,0.5980629539951573,9.997138675768447,1.0,0.01335172866276273,2.339114039194799,0.9228642203610111,0.21256454388984508,0.572487709772272,0.4230274609333216,2,1
"jumbo bag red retrospot, lunch bag pink polkadot",lunch bag red retrospot,0.015196107874346807,0.0672713075860412,0.010210823472881254,0.6719367588932806,9.988459909655562,1.0,0.009188561425955408,2.843136857599176,0.9137702165521002,0.14131338320864506,0.6482758129186831,0.41186123658949747,2,1
"lunch bag red retrospot, lunch bag cars blue",lunch bag spaceboy design,0.024806294672352694,0.05243558171661962,0.012973752177307946,0.5230024213075061,9.974189361224132,1.0,0.01167301968592925,1.9865182982286096,0.9226282130245546,0.20186915887850468,0.49660670083346026,0.3852125508599386,2,1
"lunch bag red retrospot, lunch bag spaceboy design",lunch bag cars blue,0.024626103669890084,0.05297615472400745,0.012973752177307946,0.5268292682926828,9.94464907914385,1.0,0.011669155899042402,2.0014421472327677,0.9221524313894534,0.20074349442379183,0.5003602770219368,0.3858636137381781,2,1
"lunch bag red retrospot, lunch bag suki design",lunch bag cars blue,0.024626103669890084,0.05297615472400745,0.012973752177307946,0.5268292682926828,9.94464907914385,1.0,0.011669155899042402,2.0014421472327677,0.9221524313894534,0.20074349442379183,0.5003602770219368,0.3858636137381781,2,1
"lunch bag spaceboy design, lunch bag suki design",lunch bag  black skull.,0.020902156285662804,0.059823412817586644,0.012433179169920115,0.5948275862068965,9.943056709597007,1.0,0.011182740845665196,2.320435832194892,0.9186286250776826,0.18205804749340365,0.5690464756122545,0.40132945575405066,2,1
"lunch bag  black skull., lunch bag cars blue",lunch bag spaceboy design,0.02414559432998979,0.05243558171661962,0.012553306504895188,0.5199004975124378,9.915032512124371,1.0,0.011287218220308662,1.9736833997405125,0.9213905666206172,0.19606003752345216,0.49333312519552347,0.3796524251594262,2,1
"lunch bag apple design, lunch bag suki design",lunch bag  black skull.,0.019760946603399603,0.059823412817586644,0.011652351492582137,0.5896656534954408,9.85677054723453,1.0,0.010470184226260676,2.2912451643186222,0.9166609814028703,0.17152961980548187,0.5635560892509802,0.3922223849806521,2,1
"lunch bag cars blue, lunch bag suki design",lunch bag  black skull.,0.021803111297975856,0.059823412817586644,0.012853624842332873,0.5895316804407713,9.854531071946186,1.0,0.011549288314446276,2.290497323135678,0.9185511092033637,0.1868995633187773,0.5634135914941801,0.40219555909588767,2,1
"lunch bag pink polkadot, lunch bag  black skull.",lunch bag red retrospot,0.02654814102949126,0.0672713075860412,0.01759865457384828,0.6628959276018099,9.854066338073691,1.0,0.015812726412815774,2.7668864566910725,0.9230236123901294,0.23089046493301815,0.638582928626604,0.4622515352294764,2,1
"lunch bag woodland, lunch bag red retrospot",lunch bag  black skull.,0.021863174965463392,0.059823412817586644,0.012853624842332873,0.5879120879120879,9.827458184385895,1.0,0.01154569510087083,2.2814951848959897,0.9183217168485419,0.1867364746945899,0.5616909443332494,0.401385762831546,2,1
"lunch bag red retrospot, lunch bag suki design",lunch bag  black skull.,0.024626103669890084,0.059823412817586644,0.014475343864496367,0.5878048780487805,9.825666078949945,1.0,0.013002126298563847,2.2809017795549673,0.9209040067722829,0.20686695278969958,0.5615769127090108,0.4148863747673621,2,1
"lunch bag woodland, lunch bag  black skull.",lunch bag red retrospot,0.01946062826596192,0.0672713075860412,0.012853624842332873,0.6604938271604939,9.81835868606702,1.0,0.011544482932435741,2.74730996674657,0.915975440454552,0.1739837398373984,0.6360075811961532,0.4257826278659612,2,1
"lunch bag pink polkadot, lunch bag apple design",lunch bag red retrospot,0.016036999219172322,0.0672713075860412,0.010571205477806475,0.6591760299625469,9.79876939539861,1.0,0.00949237557057643,2.73668748213766,0.9125814363880533,0.14533443435177537,0.6345947403468635,0.408159443552702,2,1
lunch bag woodland,lunch bag spaceboy design,0.0404829118865998,0.05243558171661962,0.020782028950687727,0.5133531157270029,9.790167266596645,1.0,0.01865928391633121,1.9471293229359705,0.9357381023456086,0.2880932556203164,0.48642342949663236,0.45484379726785423,1,1
"lunch bag red retrospot, lunch bag suki design",lunch bag spaceboy design,0.024626103669890084,0.05243558171661962,0.012613370172382725,0.5121951219512194,9.76808314474897,1.0,0.011322086101038256,1.9425070574809293,0.9202888988590078,0.195712954333644,0.4852013555632513,0.37637247506495675,2,1
"lunch bag woodland, lunch bag cars blue",lunch bag  black skull.,0.019160309928524237,0.059823412817586644,0.011171842152681842,0.5830721003134796,9.746553612569398,1.0,0.010025607022114833,2.25501000985857,0.914929972542125,0.16474756421612047,0.5565429884443315,0.3849095441326434,2,1
"lunch bag apple design, lunch bag red retrospot",lunch bag spaceboy design,0.020001201273349752,0.05243558171661962,0.010210823472881254,0.5105105105105104,9.735955887158635,1.0,0.009162048849081967,1.9358217870451877,0.915601070043119,0.16409266409266407,0.4834235224067881,0.35262066189901237,2,1
"lunch bag apple design, lunch bag suki design",lunch bag cars blue,0.019760946603399603,0.05297615472400745,0.010150759805393718,0.513677811550152,9.696396694442722,1.0,0.009103900840639171,1.94731778184876,0.9149491675368372,0.16218809980806145,0.4864731327772233,0.35264389443720756,2,1
"lunch bag apple design, lunch bag red retrospot",lunch bag  black skull.,0.020001201273349752,0.059823412817586644,0.0115922878250946,0.5795795795795795,9.688173112871906,1.0,0.010395747704471358,2.2362771680838827,0.9150841476690289,0.16989436619718307,0.5528282387031508,0.38667733999059295,2,1
"lunch bag red retrospot, lunch bag spaceboy design",lunch bag  black skull.,0.024626103669890084,0.059823412817586644,0.014235089194546219,0.5780487804878048,9.662584484278577,1.0,0.012761871628613699,2.228164166154852,0.9191429290791585,0.20273738237810093,0.5512000349033069,0.40800029385836023,2,1
"lunch bag woodland, lunch bag cars blue",lunch bag red retrospot,0.019160309928524237,0.0672713075860412,0.012433179169920115,0.6489028213166144,9.64605631437528,1.0,0.011144240067274483,2.656611186429043,0.9138401507554041,0.16801948051948054,0.6235805957949844,0.4168621249440215,2,1
"lunch bag  black skull., lunch bag red retrospot",lunch bag cars blue,0.029070815063967807,0.05297615472400745,0.014835725869421586,0.5103305785123966,9.633212927044093,1.0,0.013295665872639821,1.9340065025889466,0.9230255800819234,0.22073279714030383,0.4829386567928516,0.3951879649931598,2,1
"jumbo bag red retrospot, lunch bag  black skull.",lunch bag red retrospot,0.015676617214247103,0.0672713075860412,0.010150759805393718,0.6475095785440612,9.625345511767923,1.0,0.009096173266865471,2.646110746956991,0.9103792932626411,0.13943894389438943,0.62208686800052,0.3992012178434592,2,1
"lunch bag cars blue, lunch bag spaceboy design",lunch bag  black skull.,0.021803111297975856,0.059823412817586644,0.012553306504895188,0.5757575757575757,9.62428501886333,1.0,0.011248969977008591,2.216130526929974,0.9160693395037391,0.18173913043478257,0.5487630408731794,0.39279846659364726,2,1
"lunch bag woodland, lunch bag spaceboy design",lunch bag red retrospot,0.020782028950687727,0.0672713075860412,0.013394197849720704,0.6445086705202312,9.580736478117258,1.0,0.011996163587916976,2.623773394920567,0.9146317949129834,0.17940466613032985,0.6188695251137439,0.421807906688687,2,1
"lunch bag apple design, lunch bag spaceboy design",lunch bag red retrospot,0.015856808216709713,0.0672713075860412,0.010210823472881254,0.6439393939393939,9.57227408008658,1.0,0.009144115250002109,2.6195784552902674,0.909960688578147,0.1400329489291598,0.6182591905272052,0.3978625541125541,2,1
"lunch bag pink polkadot, lunch bag cars blue",lunch bag red retrospot,0.02378521232506457,0.0672713075860412,0.015256171541834344,0.6414141414141413,9.534735750360749,1.0,0.013656109207515626,2.601130719689631,0.9169296909934496,0.20126782884310615,0.6155518088997385,0.4340999278499278,2,1
"lunch bag apple design, lunch bag  black skull.",lunch bag red retrospot,0.01813922758123611,0.0672713075860412,0.0115922878250946,0.6390728476821192,9.499932000946075,1.0,0.010372038267104063,2.5842574780643632,0.9112657453903695,0.15703824247355572,0.6130416537484451,0.4056971381267739,2,1
set of tea coffee sugar tins pantry,set of 3 cake tins pantry design,0.018980118926061624,0.060484113159949546,0.010811460147756621,0.569620253164557,9.417683808278758,1.0,0.00966346448684341,2.1829927958930586,0.9111097505391266,0.15748031496062992,0.5419132844224978,0.37418450592686636,1,1
"lunch bag woodland, lunch bag spaceboy design",lunch bag  black skull.,0.020782028950687727,0.059823412817586644,0.0115922878250946,0.5578034682080926,9.324166608631057,1.0,0.010349035927990571,2.126150974935393,0.911698759152691,0.16797214969538726,0.5296665139076556,0.3757892843048495,2,1
painted metal pears assorted,assorted colour bird ornament,0.020121328608324825,0.07808276773379783,0.01459547119947144,0.7253731343283581,9.289797933409872,1.0,0.01302434217125219,3.3569812261867136,0.9106791056786289,0.17456896551724138,0.7021133177036182,0.4561481056257175,1,1
"lunch bag  black skull., lunch bag cars blue",lunch bag red retrospot,0.02414559432998979,0.0672713075860412,0.014835725869421586,0.6144278606965174,9.13357986851457,1.0,0.013211420166401072,2.4190769958091063,0.9125479160400587,0.1937254901960784,0.586619193298752,0.41748178749111586,2,1
"lunch bag  black skull., lunch bag suki design",lunch bag red retrospot,0.02360502132260196,0.0672713075860412,0.014475343864496367,0.6132315521628499,9.115796528535078,1.0,0.01288740321452855,2.411594579728196,0.9118239393766132,0.18946540880503143,0.5853366032557981,0.41420506179571065,2,1
"jumbo bag strawberry, jumbo bag pink polkadot",jumbo bag red retrospot,0.017058081566460447,0.08691212685446574,0.013514325184695777,0.7922535211267605,9.115569366440521,1.0,0.012031771035697744,4.395202643615791,0.9057479037240724,0.149402390438247,0.7724792049229994,0.47387382345211554,2,1
"lunch bag spaceboy design, lunch bag dolly girl design",lunch bag  black skull.,0.018799927923599014,0.059823412817586644,0.010210823472881254,0.5431309904153355,9.078903473318194,1.0,0.009086147623766916,2.057869033483185,0.9069042749323039,0.1492537313432836,0.5140604267185154,0.35690686066951516,2,1
"jumbo bag strawberry, jumbo storage bag suki",jumbo bag red retrospot,0.0127334975073578,0.08691212685446574,0.010030632470418644,0.7877358490566038,9.063589599822665,1.0,0.00892393711975814,4.301658424596739,0.9011431417143811,0.11193029490616621,0.7675315189411522,0.4515735223168299,2,1
"lunch bag  black skull., lunch bag spaceboy design",lunch bag red retrospot,0.02336476665265181,0.0672713075860412,0.014235089194546219,0.609254498714653,9.056676918839516,1.0,0.0126633107903796,2.387049087822566,0.9108664061324158,0.18632075471698112,0.581072712286706,0.41043082078589793,2,1
heart of wicker large,heart of wicker small,0.0475103609826416,0.05573908342843414,0.023905339660039642,0.5031605562579013,9.02706907450194,1.0,0.02125715568551316,1.9005353308094364,0.933576635859332,0.3012869038607116,0.4738324598395649,0.4660199333013645,1,1
"jumbo bag pink polkadot, jumbo storage bag suki",jumbo bag red retrospot,0.01627725388912247,0.08691212685446574,0.0127334975073578,0.7822878228782288,9.000905295853235,1.0,0.011318806752504042,4.194013790210845,0.9036083264019612,0.14077025232403717,0.7615649232403389,0.46439892180538944,2,1
"lunch bag spaceboy design, lunch bag suki design",lunch bag red retrospot,0.020902156285662804,0.0672713075860412,0.012613370172382725,0.6034482758620688,8.970366379310343,1.0,0.011207254787678398,2.3520984417395474,0.9074903380160726,0.16693163751987278,0.574847726500585,0.3954741379310344,2,1
"lunch bag red retrospot, jumbo bag pink polkadot",jumbo bag red retrospot,0.013334134182233167,0.08691212685446574,0.010330950807856327,0.7747747747747747,8.91446110934708,1.0,0.009172052846315611,4.054110156766172,0.8998210546731771,0.11489645958583833,0.7533367468244457,0.4468206976845539,2,1
"lunch bag apple design, lunch bag suki design",lunch bag red retrospot,0.019760946603399603,0.0672713075860412,0.011772478827557211,0.5957446808510639,8.855851063829789,1.0,0.010443134110408581,2.307276239129267,0.9049632352941177,0.15642458100558662,0.5665885241476826,0.385372340425532,2,1
"lunch bag cars blue, lunch bag suki design",lunch bag red retrospot,0.021803111297975856,0.0672713075860412,0.012973752177307946,0.5950413223140495,8.84539551357733,1.0,0.011507028370849121,2.3032688118793674,0.9067160615115912,0.17048145224940806,0.5658344371953513,0.39394923258559617,2,1
"lunch bag cars blue, lunch bag spaceboy design",lunch bag red retrospot,0.021803111297975856,0.0672713075860412,0.012973752177307946,0.5950413223140495,8.84539551357733,1.0,0.011507028370849121,2.3032688118793674,0.9067160615115912,0.17048145224940806,0.5658344371953513,0.39394923258559617,2,1
"lunch bag spaceboy design, lunch bag dolly girl design",lunch bag red retrospot,0.018799927923599014,0.0672713075860412,0.011171842152681842,0.5942492012779553,8.833620492925606,1.0,0.009907146418738008,2.29877228917771,0.9037872684380693,0.1491579791499599,0.5649851859151702,0.38016031492469193,2,1
"jumbo shopper vintage red paisley, jumbo bag pink polkadot",jumbo bag red retrospot,0.013814643522133461,0.08691212685446574,0.010571205477806475,0.7652173913043478,8.804495057239865,1.0,0.009370545427561588,3.889077978212461,0.898838789872044,0.11725516322451698,0.7428696452983875,0.44342417595625133,2,1
lunch bag pink polkadot,lunch bag  black skull.,0.0509339900294312,0.059823412817586644,0.02654814102949126,0.5212264150943396,8.712749583238615,1.0,0.023501095917513756,1.9637185860361739,0.9327335087618316,0.3152639087018545,0.4907620638156047,0.482500757747973,1,1
"jumbo shopper vintage red paisley, jumbo storage bag suki",jumbo bag red retrospot,0.014535407531983903,0.08691212685446574,0.01087152381524416,0.7479338842975207,8.605633199495108,1.0,0.009608220631943018,3.622414185265891,0.8968328772215874,0.120026525198939,0.7239410103716236,0.43651013496147634,2,1
"jumbo  bag baroque black white, jumbo bag pink polkadot",jumbo bag red retrospot,0.01459547119947144,0.08691212685446574,0.010511141810318939,0.720164609053498,8.286123411286583,1.0,0.009242618365929775,3.2629463702112482,0.8923404329426518,0.11551155115511551,0.6935285209927436,0.4205522423290987,2,1
"jumbo bag pink vintage paisley, jumbo bag pink polkadot",jumbo bag red retrospot,0.014295152862033755,0.08691212685446574,0.01027088714036879,0.7184873949579832,8.266825596859338,1.0,0.009028465001419734,3.243506176248316,0.891782754471131,0.11294583883751651,0.6916916615350258,0.41833146527443044,2,1
lunch bag pink polkadot,lunch bag red retrospot,0.0509339900294312,0.0672713075860412,0.028289987386629828,0.5554245283018868,8.25648479615903,1.0,0.024863591276775607,2.0980210375783477,0.9260505294687603,0.31462925851703405,0.5233603562172782,0.48798012129380053,1,1
lunch bag woodland,lunch bag red retrospot,0.0404829118865998,0.0672713075860412,0.021863174965463392,0.5400593471810089,8.028078635014836,1.0,0.019139836547961333,2.027932705441962,0.9123726977248103,0.2545454545454546,0.5068869902258109,0.4325296735905044,1,1
lunch bag dolly girl design,lunch bag red retrospot,0.031112979758544056,0.0672713075860412,0.016036999219172322,0.5154440154440154,7.662167333149475,1.0,0.013943988387917031,1.9249141939060983,0.8974097145167017,0.1947483588621444,0.48049632385391283,0.37691843629343624,1,1
jumbo bag strawberry,jumbo bag red retrospot,0.03735960117724788,0.08691212685446574,0.023725148657577032,0.635048231511254,7.306785077008201,1.0,0.020478146260827817,2.5019412206895257,0.8966389786854936,0.23596176821983272,0.6003103543238303,0.45401340393807343,1,1
jumbo bag pink polkadot,jumbo bag red retrospot,0.048771697999879876,0.08691212685446574,0.030392215748693614,0.6231527093596059,7.169916695320026,1.0,0.026153363745220364,2.422965205863313,0.9046496659022089,0.2886480319452367,0.5872825587506959,0.48642086055402545,1,1
"green regency teacup and saucer, pink regency teacup and saucer, roses regency teacup and saucer",regency cakestand 3 tier,0.020481710613250045,0.08468977115742687,0.01213286083248243,0.592375366568915,6.994650693621181,1.0,0.010398269447733643,2.2454732952181113,0.8749541620828749,0.13040671400903805,0.5546595890810332,0.36781888895821635,3,1
"pink regency teacup and saucer, roses regency teacup and saucer",regency cakestand 3 tier,0.02300438464772659,0.08468977115742687,0.013514325184695777,0.5874673629242819,6.936697961224375,1.0,0.011566089113262387,2.2187583395361106,0.8759908192958726,0.1434948979591837,0.5492974686873398,0.37352091550469413,2,1
jumbo bag scandinavian blue paisley,jumbo bag red retrospot,0.0254669950147156,0.08691212685446574,0.014895789536909124,0.5849056603773585,6.729850960347367,1.0,0.012682398835588115,2.19971169439606,0.8736577364680153,0.15280345040049292,0.5453949703738088,0.3781473706171519,1,1
"green regency teacup and saucer, pink regency teacup and saucer",regency cakestand 3 tier,0.02426572166496486,0.08468977115742687,0.013814643522133461,0.5693069306930694,6.722263183765186,1.0,0.011759585107357771,2.125203060071262,0.8724102399400484,0.1452020202020202,0.529456728729504,0.36621374903447795,2,1
"green regency teacup and saucer, roses regency teacup and saucer",regency cakestand 3 tier,0.02859030572406751,0.08468977115742687,0.01591687188419725,0.5567226890756303,6.5736709577448,1.0,0.0134955654351051,2.0648704688581274,0.8728325452740359,0.16347933374460208,0.5157081206391606,0.3723329757434889,2,1
candleholder pink hanging heart,white hanging heart t-light holder,0.01904018259354916,0.11315994954651931,0.014114961859571146,0.7413249211356467,6.551124528655723,1.0,0.011960375757928608,3.428393853582359,0.8638013871735948,0.1195320447609359,0.7083182263452342,0.4330297641771652,1,1
jumbo storage bag suki,jumbo bag red retrospot,0.043245840591026485,0.08691212685446574,0.02450597633491501,0.5666666666666668,6.519995392766644,1.0,0.020747388351539713,2.1071258611050796,0.8848936272355638,0.23194997157475836,0.5254199008902338,0.4243146740382401,1,1
jumbo  bag baroque black white,jumbo bag red retrospot,0.03759985584719803,0.08691212685446574,0.020842092618175267,0.5543130990415336,6.377856797472351,1.0,0.017574209177073967,2.0487204608928478,0.8761506559105149,0.2010428736964079,0.5118904608566301,0.39705979762028304,1,1
pink regency teacup and saucer,regency cakestand 3 tier,0.029611388071355636,0.08468977115742687,0.01591687188419725,0.5375253549695741,6.346992648857049,1.0,0.01340909020478038,1.979157643944687,0.8681522607407961,0.1617826617826618,0.4947345386763199,0.3627343086904608,1,1
jumbo bag spaceboy design,jumbo bag red retrospot,0.02486635833984023,0.08691212685446574,0.013694516187158388,0.5507246376811594,6.3365684124074795,1.0,0.011533328096717591,2.0323568789368345,0.8636620037929748,0.13962033067973056,0.5079604323611119,0.3541460092344981,1,1
jumbo bag woodland animals,jumbo bag red retrospot,0.022043365967926002,0.08691212685446574,0.012072797164994894,0.547683923705722,6.30158233985941,1.0,0.010156961345691096,2.0186942737615126,0.8602730115544376,0.12461252324860507,0.5046302884999715,0.3432960047001312,1,1
jumbo bag pink vintage paisley,jumbo bag red retrospot,0.033215208120607846,0.08691212685446574,0.01813922758123611,0.5461121157323688,6.283497315016039,1.0,0.015252423199560359,2.0117035611533085,0.8697416082972363,0.17785630153121318,0.5029088682297204,0.3774098933879536,1,1
green regency teacup and saucer,regency cakestand 3 tier,0.03675896450237252,0.08468977115742687,0.01928043726349931,0.5245098039215687,6.193307606730635,1.0,0.016167328971809405,1.9249823369472674,0.8705353682692886,0.1887125220458554,0.48051471392415485,0.37608468919482685,1,1
roses regency teacup and saucer,regency cakestand 3 tier,0.04072316655654994,0.08468977115742687,0.02114241095561295,0.5191740412979351,6.130303981254838,1.0,0.017693575299132958,1.9036206599854744,0.8724029633255731,0.20276497695852533,0.47468525582842186,0.38440971568442855,1,1
jumbo storage bag skulls,jumbo bag red retrospot,0.027028650369391553,0.08691212685446574,0.014355216529521292,0.5311111111111111,6.110897642632265,1.0,0.012006099039911731,1.9473438052866845,0.8595915187698191,0.14414957780458382,0.48647999532225283,0.34814021346847884,1,1
red hanging heart t-light holder,white hanging heart t-light holder,0.03856087452699862,0.11315994954651931,0.025707249684665746,0.6666666666666666,5.891365888181174,1.0,0.02134370306872092,2.660520151360442,0.8635596926344725,0.20400381315538607,0.6241336493960943,0.4469214437367304,1,1
jumbo bag apples,jumbo bag red retrospot,0.03759985584719803,0.08691212685446574,0.018799927923599014,0.5,5.752937111264685,1.0,0.015532044482497714,1.8261757462910686,0.8584534731323723,0.17784090909090905,0.45240757795026965,0.358154803040774,1,1
